Actual_GCV_kcal,Predicted_GCV_kcal,Error,Absolute_Error
7044.540834636583,6964.7744,79.76642057408299,79.76642057408299
7611.589290144979,7478.9404,132.6488604574788,132.6488604574788
4466.269433465938,4436.964,29.305566278438164,29.305566278438164
4936.434967476415,5064.495,-128.0601497110847,128.0601497110847
7454.943405636396,7433.0874,21.856003292646164,21.856003292646164
4257.037804926415,4235.8555,21.182336176415447,21.182336176415447
7600.608643672935,7557.416,43.192628047934704,43.192628047934704
5787.822848514922,5678.1606,109.66220398367204,109.66220398367204
7009.024898336874,6938.2095,70.81542568062378,70.81542568062378
7739.789315839752,7826.9546,-87.16527400399809,87.16527400399809
7529.1517997290275,7573.4463,-44.294489333472484,44.294489333472484
7054.554974455063,7196.715,-142.15986929493738,142.15986929493738
6147.8857727735585,6060.1123,87.77346808605853,87.77346808605853
5822.282593914076,5869.756,-47.47326546092427,47.47326546092427
6911.811153771325,6777.334,134.47716939632483,134.47716939632483
8094.362756405706,8187.4575,-93.09476312554398,93.09476312554398
7717.7707619796,7676.2207,41.55005885460014,41.55005885460014
7010.407763551776,7117.2275,-106.81977551072396,106.81977551072396
7481.040852742258,7483.6616,-2.6207683514921882,2.6207683514921882
5968.641987401326,5799.458,169.18397958882633,169.18397958882633
7285.155992806209,7366.4873,-81.33131188129119,81.33131188129119
6788.515561125643,6748.632,39.88372518814322,39.88372518814322
7550.161755122658,7553.2637,-3.101916752341822,3.101916752341822
7475.518988710911,7549.365,-73.84624566408911,73.84624566408911
3702.8102438380874,3742.122,-39.311826474412555,39.311826474412555
4294.699205572841,4192.3804,102.31883447909058,102.31883447909058
3804.194068237049,3748.0964,56.09763269017412,56.09763269017412
5307.913617510077,5467.546,-159.63228092742338,159.63228092742338
6767.92236794292,6872.501,-104.57860861958034,104.57860861958034
6610.283495935842,6605.229,5.0544920295924385,5.0544920295924385
7452.178771509274,7435.7334,16.445373071774156,16.445373071774156
7659.698987967689,7617.192,42.50709343643939,42.50709343643939
7420.55176236871,7286.9204,133.63135221246011,133.63135221246011
6059.4845295266705,6024.4165,35.068025620420485,35.068025620420485
6173.160359927036,6118.117,55.04317242703564,55.04317242703564
3236.653451644031,2852.195,384.45838328465607,384.45838328465607
7054.315662805558,6964.5483,89.76732296180762,89.76732296180762
2225.3113288323057,2283.1877,-57.87641530831934,57.87641530831934
6280.098368984531,6388.667,-108.56862320296932,108.56862320296932
4084.7972369072954,4102.9575,-18.160282623954572,18.160282623954572
5711.421906383308,5613.257,98.16507044580794,98.16507044580794
7149.461608545695,7259.22,-109.75860629805538,109.75860629805538
6222.716527627819,6230.304,-7.587671590930768,7.587671590930768
5445.590995970752,5466.9434,-21.352363404247626,21.352363404247626
6836.005031080612,6925.768,-89.76303532563816,89.76303532563816
7680.919471691419,7708.054,-27.13472752733105,27.13472752733105
7796.02310138585,7835.2905,-39.26742595789983,39.26742595789983
6787.712152783353,6780.4863,7.225824658353304,7.225824658353304
7520.536938615696,7403.132,117.40510267819627,117.40510267819627
5892.605555163079,6149.033,-256.42764796192114,256.42764796192114
3648.796542874784,3584.6396,64.15689443728388,64.15689443728388
7238.777075078634,7346.409,-107.63210460886603,107.63210460886603
5080.867569592235,5204.6685,-123.80088743901524,123.80088743901524
2292.738350420661,2166.2078,126.53058674878594,126.53058674878594
5587.830892409293,5614.292,-26.461099778207426,26.461099778207426
7028.121710013802,7158.42,-130.29821186119807,130.29821186119807
7184.736293767189,7384.069,-199.33255388906127,199.33255388906127
7465.024047318813,7258.165,206.85900825631325,206.85900825631325
6476.918874295401,6381.2764,95.64250710790111,95.64250710790111
6095.724539114524,6045.9946,49.729910208274305,49.729910208274305
2237.067689464532,2255.156,-18.088316394842877,18.088316394842877
7344.833193419559,7288.968,55.86541998205939,55.86541998205939
7338.619347435192,7362.286,-23.66678537730786,23.66678537730786
8107.528386667079,8080.7437,26.78473432332885,26.78473432332885
7055.758731518014,7144.928,-89.16949113823557,89.16949113823557
4620.728982317395,4461.461,159.2680448173951,159.2680448173951
4860.819556071476,4990.3247,-129.50515095977426,129.50515095977426
7113.863246525896,6981.6216,132.2416644946461,132.2416644946461
7816.061878300117,7732.009,84.05308923761731,84.05308923761731
7928.368426651911,7912.4375,15.93092665191125,15.93092665191125
6716.495000253931,6778.2173,-61.72228490231919,61.72228490231919
1896.2730061390885,2101.4917,-205.21869307966153,205.21869307966153
7561.155079535074,7663.8477,-102.69257671492596,102.69257671492596
6786.097927098958,6724.788,61.30984116145828,61.30984116145828
7495.458140611827,7408.7603,86.69788670557682,86.69788670557682
4577.618723277418,4723.18,-145.5614525038318,145.5614525038318
4329.277057881086,4273.774,55.503132099835966,55.503132099835966
7666.864730401917,7680.3706,-13.505875066833141,13.505875066833141
5560.860102881623,5558.5005,2.359614600372879,2.359614600372879
6343.221205932002,6291.308,51.913100463251794,51.913100463251794
6763.675245976006,6704.81,58.86518738225641,58.86518738225641
7874.038949912677,7743.731,130.3079928814268,130.3079928814268
7223.785329381139,7229.001,-5.215647181361419,5.215647181361419
6845.741495821128,6751.13,94.61161300862841,94.61161300862841
7366.266677528449,7346.951,19.31550565344878,19.31550565344878
6651.326718068826,6678.9487,-27.622012399923733,27.622012399923733
6699.468827280169,6674.687,24.781815561418625,24.781815561418625
6335.600722400305,6248.6743,86.92640599405513,86.92640599405513
8268.34514875438,8203.837,64.50823469188072,64.50823469188072
6973.014178424563,6852.8853,120.1289245183134,120.1289245183134
3014.6798433697995,3256.172,-241.49227577082547,241.49227577082547
4127.741228150906,4250.8843,-123.14304919284405,123.14304919284405
8051.015925278698,8016.931,34.08477293494798,34.08477293494798
7293.422086359441,7253.927,39.49532854694098,39.49532854694098
7030.909442927914,6843.2007,187.70875933416391,187.70875933416391
6649.5845235281295,6573.407,76.17729696562947,76.17729696562947
5452.958147598613,5329.7524,123.20570619236332,123.20570619236332
6809.755976539726,6940.3853,-130.62927736652364,130.62927736652364
6353.966159269925,6164.483,189.4832491136749,189.4832491136749
7238.650009059834,7355.338,-116.68788156516621,116.68788156516621
6508.086441851185,6394.4185,113.66798481993465,113.66798481993465
7405.009529417812,7338.4565,66.55298644906179,66.55298644906179
6209.140880163751,6143.64,65.50074344500081,65.50074344500081
2446.214382013556,2318.9607,127.25368865418113,127.25368865418113
1754.4070277339156,1793.9316,-39.524612891084416,39.524612891084416
7903.195623678721,7892.2173,10.978338522470949,10.978338522470949
6813.208541793405,6551.104,262.10453788715495,262.10453788715495
7530.8804325995225,7448.878,82.00250291202246,82.00250291202246
6573.712178423182,6567.2427,6.469502641932195,6.469502641932195
7054.755884460765,7046.574,8.181665710764719,8.181665710764719
1695.3174047537786,1764.4564,-69.13901614465885,69.13901614465885
3672.332967206354,3729.6006,-57.26761873114583,57.26761873114583
6599.988953419222,6596.7954,3.193543262971616,3.193543262971616
4389.12031610641,4479.6104,-90.49003545608957,90.49003545608957
6219.640980627289,6277.802,-58.16077718521137,58.16077718521137
4894.679143823863,4763.9736,130.70551101136334,130.70551101136334
2480.7585331653113,2523.9438,-43.18531449093871,43.18531449093871
6915.554141308651,6927.5405,-11.986386035098803,11.986386035098803
5684.7956353471745,5886.26,-201.46413027782546,201.46413027782546
2673.2075279530072,2470.6643,202.54322131238223,202.54322131238223
5785.271226715256,5513.2354,272.0358751527556,272.0358751527556
5987.50628975998,5817.954,169.55218819748006,169.55218819748006
2054.0724446909007,2046.7601,7.312312854963238,7.312312854963238
4123.467923896433,4100.768,22.699857490182694,22.699857490182694
7068.155053466242,7197.406,-129.25070825250805,129.25070825250805
7002.200471470666,6955.482,46.71853787691634,46.71853787691634
7264.107086423206,7259.214,4.893219235706056,4.893219235706056
7704.5702124476475,7805.018,-100.44785395860254,100.44785395860254
7088.887515304794,6935.0527,153.83478092979385,153.83478092979385
7762.108481149645,7796.9834,-34.87491728785517,34.87491728785517
6572.996665372093,6712.229,-139.23233853415695,139.23233853415695
6094.39071612827,5985.976,108.41464190951956,108.41464190951956
1666.7299389827783,2000.7373,-334.0073657047217,334.0073657047217
7655.285777338834,7589.314,65.97181249508412,65.97181249508412
7022.683511312767,6982.7227,39.96085506276722,39.96085506276722
6916.980500361943,6901.0107,15.969758174443086,15.969758174443086
6534.635632538469,6421.1406,113.4950075384686,113.4950075384686
3596.0168225346174,3370.9639,225.0529553471174,225.0529553471174
6878.777815194643,6756.446,122.33201441339315,122.33201441339315
5985.181958495671,6109.4473,-124.2653071293289,124.2653071293289
7004.272672226017,6964.6377,39.634976913516766,39.634976913516766
4938.734377559519,5002.8667,-64.13232165923091,64.13232165923091
7763.594812019966,7835.161,-71.56632079253359,71.56632079253359
5873.521342607377,5707.421,166.10044416987694,166.10044416987694
3374.4495341285483,3252.244,122.2056376441733,122.2056376441733
4540.460707084456,4422.41,118.05055083445586,118.05055083445586
4456.4729348084575,4455.7207,0.7522316834574667,0.7522316834574667
7039.910064054333,6832.553,207.3568413980829,207.3568413980829
7393.093648385892,7367.929,25.164449167142266,25.164449167142266
7576.462362162601,7561.5586,14.903768412600584,14.903768412600584
6320.419997049811,6324.7437,-4.3236552939388275,4.3236552939388275
7233.507224521756,7265.926,-32.41855672824386,32.41855672824386
3622.755898100861,3598.9282,23.82767544461103,23.82767544461103
7039.343347222026,7078.7695,-39.42618402797416,39.42618402797416
7099.887400814082,6968.329,131.55829925158196,131.55829925158196
7515.391092073179,7608.2476,-92.8564665205713,92.8564665205713
7770.204767210271,7717.136,53.0685367415208,53.0685367415208
5974.139849808181,5972.546,1.5939513706807702,1.5939513706807702
7680.134284902841,7545.2686,134.8657302153406,134.8657302153406
3430.541715105914,3638.3218,-207.78006223783586,207.78006223783586
6347.360983386079,6416.806,-69.44516895767083,69.44516895767083
6114.616163055679,6238.614,-123.99760647557105,123.99760647557105
6577.575983770564,6739.0225,-161.44647716693635,161.44647716693635
3105.269373644816,3154.2957,-49.026280652059086,49.026280652059086
8300.248793993242,8134.8145,165.43434086824163,165.43434086824163
4152.165394923596,4217.9526,-65.78724179515393,65.78724179515393
3924.1905015737025,3955.7937,-31.603199598172523,31.603199598172523
6846.609136991306,6831.034,15.574957303805604,15.574957303805604
6542.764239226286,6776.292,-233.527752961214,233.527752961214
4332.565263717139,4224.92,107.6453418421388,107.6453418421388
3527.448545078423,3430.5703,96.8782325784232,96.8782325784232
5918.356384321943,5954.1133,-35.75689692805736,35.75689692805736
1764.1885149265827,1906.8077,-142.61922433122982,142.61922433122982
7301.898982915554,7325.0117,-23.11273583444563,23.11273583444563
4624.758475065607,4563.431,61.327322721856945,61.327322721856945
6804.9569485747625,6760.767,44.189858731012464,44.189858731012464
7972.101844198824,7790.249,181.85282076132444,181.85282076132444
7177.3849417956135,7098.9316,78.45330117061349,78.45330117061349
5610.98509881247,5847.6646,-236.67945196878009,236.67945196878009
2548.887587342159,2477.099,71.7884662484089,71.7884662484089
5922.332174957998,5790.7495,131.58266323924818,131.58266323924818
7949.30372598258,7978.9946,-29.690902923670365,29.690902923670365
6093.58047679324,6207.51,-113.92928883175955,113.92928883175955
5876.452461880637,5832.3716,44.0808798493872,44.0808798493872
6180.640717346119,6327.6973,-147.05654827888065,147.05654827888065
4226.42914394201,4109.2666,117.16254237951034,117.16254237951034
2036.1322681693134,1993.468,42.66425059118842,42.66425059118842
6679.441949668641,6705.4062,-25.964300331358572,25.964300331358572
7104.448258812942,7217.1123,-112.66404587455781,112.66404587455781
6244.510728757184,6396.1157,-151.60499389906636,151.60499389906636
7119.891234573178,6998.4917,121.39953535442783,121.39953535442783
4983.3739095741785,4830.29,153.08387051167847,153.08387051167847
5707.132551684355,5854.343,-147.21022175314465,147.21022175314465
6288.979813172227,6356.1865,-67.2067102652727,67.2067102652727
6007.4797423205955,5998.3477,9.132086070595506,9.132086070595506
7878.899781642724,7843.5513,35.34851211147361,35.34851211147361
6984.0097026077165,7005.896,-21.886293486033537,21.886293486033537
7776.373182316,7877.537,-101.16392705900034,101.16392705900034
6106.547776584632,5795.231,311.3168195533817,311.3168195533817
6465.592132948883,6435.3335,30.258636855132863,30.258636855132863
3138.512600444582,3287.228,-148.71542689916805,148.71542689916805
5290.197170331478,5447.953,-157.75595466852155,157.75595466852155
7949.939655579788,7896.0703,53.86934307978845,53.86934307978845
7199.222385975172,7084.785,114.43722972517207,114.43722972517207
7613.842966015149,7668.3203,-54.477346484851296,54.477346484851296
6647.532526747459,6473.086,174.4465892474591,174.4465892474591
5195.991768695576,5113.936,82.05573353932596,82.05573353932596
7276.9108173769,7207.7803,69.13054393940001,69.13054393940001
7586.935012066851,7644.8706,-57.935593401898586,57.935593401898586
6670.557725314669,6548.125,122.43272531466937,122.43272531466937
6264.287943137899,6325.236,-60.947896705851235,60.947896705851235
7511.673415035876,7547.1763,-35.50285449537387,35.50285449537387
5471.454431417629,5370.5156,100.93880641762917,100.93880641762917
6957.568238586709,7081.3496,-123.78137078829059,123.78137078829059
6843.161372540215,6815.262,27.89916550896487,27.89916550896487
2544.1565635818447,2604.8867,-60.73015516815531,60.73015516815531
6991.136243264377,7195.0757,-203.9394403293727,203.9394403293727
6672.0998004295925,6725.987,-53.887015976657494,53.887015976657494
7749.200424695289,7861.6084,-112.40797374221074,112.40797374221074
6856.3775043786845,6796.923,59.454652816184534,59.454652816184534
3513.796493199404,3408.0034,105.79307523065381,105.79307523065381
4950.793253243309,5203.098,-252.30489128794125,252.30489128794125
2150.4971522719648,2269.0266,-118.52945905616025,118.52945905616025
2599.9099464269793,2674.6494,-74.73946763552067,74.73946763552067
7460.265998144914,7522.3154,-62.04943154258581,62.04943154258581
6100.052266795771,6041.562,58.490255077021175,58.490255077021175
7741.618572099459,7729.6094,12.009197099459016,12.009197099459016
6828.771174572624,6717.5137,111.25750269762375,111.25750269762375
7005.469789372948,7057.249,-51.77923406455193,51.77923406455193
6600.272468279439,6601.087,-0.8144457830612737,0.8144457830612737
6884.581412295793,7009.3457,-124.76429082920731,124.76429082920731
7309.47905372097,7310.673,-1.1937978415298858,1.1937978415298858
7389.090259106091,7355.4946,33.59563019984125,33.59563019984125
7189.163426723556,7263.455,-74.29165140144414,74.29165140144414
6728.706204687364,6863.486,-134.77963515638567,134.77963515638567
2867.2225994801183,3152.6567,-285.43413880113167,285.43413880113167
6458.4510417999945,6505.1006,-46.64954413750547,46.64954413750547
7696.819600892712,7826.6743,-129.8547155135384,129.8547155135384
7359.651651639687,7465.3843,-105.73262570406314,105.73262570406314
5329.478607783047,5232.2754,97.20321715804675,97.20321715804675
5759.465193103525,5825.3345,-65.86927955272495,65.86927955272495
2052.8842890421374,1977.5886,75.29566599526242,75.29566599526242
7677.121501827913,7527.0645,150.05704870291265,150.05704870291265
5958.767116238677,6105.8115,-147.04440719882314,147.04440719882314
6953.131778697946,7241.5264,-288.3945884895538,288.3945884895538
6521.597288034124,6306.956,214.64123334662418,214.64123334662418
6950.540553859599,7092.988,-142.44723910915127,142.44723910915127
2239.221193364244,2277.644,-38.422849604506155,38.422849604506155
1903.9571325492982,1812.0398,91.9173376274232,91.9173376274232
4578.205450619228,4722.665,-144.45958844327197,144.45958844327197
5627.667035132858,5481.42,146.24711325785756,146.24711325785756
2842.1798027187565,3206.0945,-363.9146797031185,363.9146797031185
6578.760339381058,6344.9795,233.78084719355775,233.78084719355775
7034.971578745279,7032.969,2.002340464028748,2.002340464028748
6906.002875290535,6848.1816,57.821234665534575,57.821234665534575
5718.916054764658,5740.5137,-21.59761711034207,21.59761711034207
5285.0717068980675,5075.534,209.53752721056753,209.53752721056753
7093.552436073826,7050.7993,42.75311966757636,42.75311966757636
7641.447236969553,7589.1724,52.27487368830316,52.27487368830316
2377.7486124407246,2369.564,8.184647596974628,8.184647596974628
6431.303193418195,6446.949,-15.646025331804594,15.646025331804594
7878.689351239446,7867.194,11.495503583196296,11.495503583196296
7258.200663773648,7327.091,-68.89015653885235,68.89015653885235
7236.599872888725,7118.037,118.56276351372526,118.56276351372526
3416.419640768744,4091.28,-674.8603885281309,674.8603885281309
7021.886513594433,6944.484,77.40262687568338,77.40262687568338
7285.199694440533,7127.886,157.31346397178277,157.31346397178277
4702.832707084229,4926.8955,-224.0628007282712,224.0628007282712
6751.564595666472,6609.688,141.8766073852221,141.8766073852221
7104.765974017581,7169.6387,-64.87269785741864,64.87269785741864
7679.169717677985,7768.2954,-89.12569247826468,89.12569247826468
1980.3372234338424,1946.7842,33.55304374634238,33.55304374634238
4558.74662260013,4517.4146,41.33207181887974,41.33207181887974
5915.507449534414,6030.628,-115.12048015308574,115.12048015308574
4311.869185274534,4231.6694,80.19975168078417,80.19975168078417
6032.879656694719,6179.052,-146.17210111778058,146.17210111778058
4888.31156945288,5251.685,-363.37348914087033,363.37348914087033
7540.545895619346,7615.413,-74.86719031815392,74.86719031815392
4174.269651469586,4135.0796,39.19006162583628,39.19006162583628
2942.2366231819074,2956.7478,-14.511179552467638,14.511179552467638
2767.067813982623,2846.1816,-79.11382664237681,79.11382664237681
7193.889171989482,7474.503,-280.61375769801816,280.61375769801816
6289.671527617839,6244.3423,45.329242461589274,45.329242461589274
1747.0347743576306,1970.7915,-223.75672954861943,223.75672954861943
7684.342166876844,7684.5415,-0.19933702940579678,0.19933702940579678
6564.263697349672,6308.9893,255.27443953717193,255.27443953717193
7613.4097759832375,7492.42,120.98985410823752,120.98985410823752
7129.208121109625,7180.213,-51.0047695153753,51.0047695153753
7245.19738184742,7232.2456,12.95177637866982,12.95177637866982
6803.380073612209,6646.8545,156.52558142470934,156.52558142470934
4440.425287213946,4223.6973,216.72802158894592,216.72802158894592
6867.455153336095,6761.849,105.60603224234455,105.60603224234455
8250.469217002972,8208.861,41.60788887797207,41.60788887797207
6630.61320626398,6623.0186,7.594651576479919,7.594651576479919
4725.417965834393,4769.305,-43.88720994685718,43.88720994685718
7208.317420497402,7200.8237,7.493690028652054,7.493690028652054
5104.343090607763,5161.85,-57.50700704848714,57.50700704848714
5580.211629380146,5360.221,219.9904379738964,219.9904379738964
8058.364076715213,8009.0664,49.29767046521283,49.29767046521283
7830.6218742064775,7809.554,21.067674987727514,21.067674987727514
6500.29998191512,6628.759,-128.45880714737996,128.45880714737996
3358.865070834071,3230.64,128.22517825594605,128.22517825594605
3455.733119397797,4111.9834,-656.250279039703,656.250279039703
4699.572749552767,4999.051,-299.47803169723284,299.47803169723284
6019.240404567481,6073.6216,-54.381177463768836,54.381177463768836
6798.852857058365,7063.0967,-264.24382262913514,264.24382262913514
6352.678137373454,6838.781,-486.10262434529614,486.10262434529614
7199.000825352954,7247.207,-48.20620589704595,48.20620589704595
6633.29840502168,6569.129,64.16949877168008,64.16949877168008
8031.503574281868,7985.326,46.17740240686817,46.17740240686817
7307.213545424914,7260.245,46.96842823741372,46.96842823741372
1769.5133501981006,2029.9352,-260.4218304659619,260.4218304659619
7270.191578245051,7418.3003,-148.10871472369945,148.10871472369945
3921.647580930173,3650.0544,271.5931375707978,271.5931375707978
7140.165064514551,7020.4736,119.69143170205098,119.69143170205098
6893.227865556315,6857.711,35.51692805631501,35.51692805631501
4144.158611587076,3967.0188,177.13981275895094,177.13981275895094
5620.753566515128,5723.382,-102.62826942237189,102.62826942237189
5448.121436916007,5560.629,-112.50746933399296,112.50746933399296
7287.986627220879,7234.2476,53.7390686271292,53.7390686271292
7016.201240752143,6972.8516,43.34967825214335,43.34967825214335
5914.987224056542,5930.985,-15.99763922470811,15.99763922470811
7015.460207016639,6961.778,53.68237498538929,53.68237498538929
6988.3634501613105,6866.95,121.41325484881054,121.41325484881054
6595.8239347304325,6641.1094,-45.285440269567516,45.285440269567516
6359.361726366268,6221.9614,137.40030058501816,137.40030058501816
7180.604295524074,7364.8687,-184.26435681967632,184.26435681967632
5642.781218015612,5647.774,-4.992707765638443,4.992707765638443
5987.34588085354,5981.0327,6.313166009789711,6.313166009789711
1498.8380167688276,1743.0122,-244.17419026242237,244.17419026242237
7304.479696145841,7266.7554,37.724325052091444,37.724325052091444
7143.490124272976,7050.987,92.50330786672566,92.50330786672566
2935.2943807986053,2746.4866,188.8078085329803,188.8078085329803
5482.886659055884,5431.8506,51.03607311838368,51.03607311838368
6508.078242271438,6578.5137,-70.43542960356172,70.43542960356172
7195.172863609785,7256.528,-61.354968421464946,61.354968421464946
7119.94219712286,7151.1763,-31.234072408389693,31.234072408389693
6802.078100726719,6762.778,39.30026869546873,39.30026869546873
7036.683019487892,6888.7065,147.97647651914212,147.97647651914212
6659.771561505159,6548.7734,110.9981240051593,110.9981240051593
7494.924515878965,7509.593,-14.668257558534606,14.668257558534606
7976.451323576184,7958.056,18.395171232434222,18.395171232434222
7746.804150657442,7858.8516,-112.04741184255818,112.04741184255818
6093.744764557096,6177.0083,-83.26353622415445,83.26353622415445
3481.0398265479052,3604.7156,-123.67574962396975,123.67574962396975
6881.6116095405705,6807.8413,73.7703009468205,73.7703009468205
2672.519396195895,2678.8838,-6.364392866605158,6.364392866605158
6310.239510615817,6280.6685,29.57105358456738,29.57105358456738
6506.920756824695,6647.6484,-140.72768067530524,140.72768067530524
6133.820340741574,6030.4834,103.336942304074,103.336942304074
8176.206666990977,8188.4775,-12.270872071522717,12.270872071522717
7429.5691934695715,7345.9385,83.63071690707147,83.63071690707147
7455.544394466894,7319.9785,135.56587884189412,135.56587884189412
7533.543800841963,7501.0923,32.451515685713275,32.451515685713275
5702.175254872217,5733.8984,-31.72318262778299,31.72318262778299
6442.711658277859,6515.512,-72.80054875339101,72.80054875339101
7889.746380630309,7895.967,-6.220416244690568,6.220416244690568
5282.710012969621,5277.769,4.940970000870948,4.940970000870948
7144.590986522206,7052.9565,91.63444355345564,91.63444355345564
2969.018122556909,3059.1992,-90.18109619309098,90.18109619309098
6632.284418191657,6647.228,-14.943609152092904,14.943609152092904
7954.916693005563,7995.6216,-40.70488902568741,40.70488902568741
7033.414322584951,7087.363,-53.94847038379885,53.94847038379885
8007.594450031021,7902.3003,105.29415706227064,105.29415706227064
6777.539837267598,7047.511,-269.97139320115184,269.97139320115184
6596.512388929509,6698.0615,-101.54913450799086,101.54913450799086
4640.232615438875,5082.5146,-442.28203299862525,442.28203299862525
4868.367915306749,4854.7666,13.601313744248728,13.601313744248728
7848.997232734781,7918.0566,-69.05940789021861,69.05940789021861
6119.766808012328,6198.4976,-78.7307505814224,78.7307505814224
6720.234500641118,6797.362,-77.12731576513215,77.12731576513215
5809.619989837315,5910.7686,-101.14856485018481,101.14856485018481
6978.113251774483,7060.5303,-82.4170216630173,82.4170216630173
7769.508545742527,7613.566,155.94262777377662,155.94262777377662
6738.365166321791,7065.466,-327.10065399070936,327.10065399070936
6806.881239229621,6656.3325,150.54871969837131,150.54871969837131
6602.329065232143,6637.206,-34.876989455357034,34.876989455357034
7828.172337532928,7742.4175,85.7548570641784,85.7548570641784
7161.717403120198,7110.709,51.00841874519756,51.00841874519756
5935.412799963562,6059.9897,-124.57694613018793,124.57694613018793
7574.921237654358,7467.5933,107.32797593560826,107.32797593560826
2907.1936686410513,2902.7983,4.3953287973013175,4.3953287973013175
4699.283237272,4660.0874,39.195834928250406,39.195834928250406
7169.601171264382,7297.7476,-128.14638732936783,128.14638732936783
6732.532286713299,6608.1206,124.41168124454907,124.41168124454907
7176.310192568628,7212.4546,-36.144397275122174,36.144397275122174
6789.431726228863,6816.353,-26.921301114886774,26.921301114886774
7587.271727462835,7648.9,-61.62817488091514,61.62817488091514
5413.950683113559,5295.6807,118.27001905105863,118.27001905105863
6632.178392108188,6541.977,90.20134132693784,90.20134132693784
1639.4899772911856,1728.8475,-89.3575568885019,89.3575568885019
7481.245942551212,7370.9097,110.33627458246156,110.33627458246156
6399.532176919144,6531.894,-132.36186604960585,132.36186604960585
2824.842573564047,2933.918,-109.07539518595286,109.07539518595286
6530.228151822755,6535.883,-5.654660677245374,5.654660677245374
7723.391811547839,7624.507,98.8849756103391,98.8849756103391
3424.258314807008,3657.1233,-232.864976208617,232.864976208617
6306.406327701274,6143.09,163.31648395127377,163.31648395127377
7652.458142828667,7814.8794,-162.4212517025826,162.4212517025826
6101.4207510990345,6018.85,82.57065344278453,82.57065344278453
7198.920972003207,7269.0625,-70.14152799679323,70.14152799679323
6623.710968180469,6615.465,8.246124430468626,8.246124430468626
7941.6895527595625,7890.624,51.0655293220625,51.0655293220625
7852.604006455338,7876.896,-24.291989638411906,24.291989638411906
5840.705614141726,5785.893,54.81254773547607,54.81254773547607
3603.546781081754,3339.179,264.36782600362903,264.36782600362903
1666.2118129603675,1757.851,-91.63913918806998,91.63913918806998
5568.485907899972,5808.612,-240.1259085062784,240.1259085062784
7044.191419804095,7020.958,23.23341199159495,23.23341199159495
7358.636403703311,7626.609,-267.97248301543914,267.97248301543914
7402.881718171564,7357.998,44.88367129656399,44.88367129656399
7642.881685733477,7774.1084,-131.22671270402316,131.22671270402316
4254.810980112323,4229.5786,25.232366831072795,25.232366831072795
6539.930325457408,6446.917,93.01333326990789,93.01333326990789
6617.817806255279,6620.539,-2.7212562447211894,2.7212562447211894
2701.602684559163,2714.2292,-12.626563487711792,12.626563487711792
7598.084644401603,7662.6323,-64.54767981714667,64.54767981714667
6940.200508810571,7000.8525,-60.65203025192932,60.65203025192932
6808.310507425976,6977.2944,-168.98392616777437,168.98392616777437
6886.461643047479,6792.95,93.5114477349789,93.5114477349789
7746.65862423903,7515.8936,230.76506955153036,230.76506955153036
5216.973251269468,5207.5874,9.385848925718165,9.385848925718165
6885.9573390373,7065.112,-179.1544773689502,179.1544773689502
7638.43597295455,7751.0703,-112.63433954544962,112.63433954544962
6384.650904615775,6219.558,165.0927991470253,165.0927991470253
7721.83355701165,7845.5845,-123.75091564460035,123.75091564460035
6199.074098708911,6190.1313,8.942751052661151,8.942751052661151
4406.697955601764,4334.574,72.12373685176408,72.12373685176408
7457.964190048974,7549.4478,-91.48356385727584,91.48356385727584
8004.9590840818955,7887.905,117.05429892564553,117.05429892564553
6700.942578136938,6553.241,147.7013671994382,147.7013671994382
3558.067607801774,3468.4175,89.6501273330241,89.6501273330241
5470.4810340598515,5679.717,-209.23576281514852,209.23576281514852
7802.166394679817,7792.2334,9.932996242317131,9.932996242317131
6496.386745020274,6516.371,-19.984348729725752,19.984348729725752
6160.30174457398,6292.058,-131.7563608947703,131.7563608947703
6754.250205239122,6729.3296,24.920615395371897,24.920615395371897
6044.974595720951,5985.0605,59.914048845950674,59.914048845950674
7399.141037885631,7447.782,-48.641188676869206,48.641188676869206
4860.3450313681105,4816.2163,44.12872277436054,44.12872277436054
7585.2879331289105,7517.8394,67.44857766016048,67.44857766016048
7177.917687575562,7106.0166,71.90108601306201,71.90108601306201
7634.557717430217,7605.934,28.623635398967053,28.623635398967053
2162.9818495916516,2055.8857,107.09610740415155,107.09610740415155
6745.966690265945,6865.9604,-119.99375895280536,119.99375895280536
7221.900250057684,7311.145,-89.24476947356561,89.24476947356561
7022.219128006315,6856.523,165.69617878756526,165.69617878756526
6832.978227751354,6946.011,-113.0330027173959,113.0330027173959
7996.62351742173,7996.2397,0.3837713279799573,0.3837713279799573
3220.311870731144,3199.1658,21.146099246769154,21.146099246769154
2713.45845285497,2649.1477,64.31074777684489,64.31074777684489
5657.15310366805,5671.417,-14.26388851945012,14.26388851945012
6278.631599593417,6311.7383,-33.10668165658262,33.10668165658262
5494.25220091886,5585.8936,-91.64135376864033,91.64135376864033
5983.47662743118,6020.2036,-36.72698585007038,36.72698585007038
4390.071632160733,4328.141,61.930518879483316,61.930518879483316
7086.405696219404,7162.5605,-76.15485065559642,76.15485065559642
6915.910499391451,6832.3,83.61069470395068,83.61069470395068
8080.500594176918,8107.5615,-27.06092926058227,27.06092926058227
6933.931310288877,6877.921,56.010411851377285,56.010411851377285
5800.870770739858,5879.6377,-78.76692457264198,78.76692457264198
2979.4585617030857,3042.294,-62.83538360941429,62.83538360941429
5979.918606935731,5888.963,90.95571631073108,90.95571631073108
7109.936139849638,7081.188,28.748151568387584,28.748151568387584
2970.561575812676,2794.8438,175.71782581267598,175.71782581267598
6692.287765269916,6613.5254,78.76237464491624,78.76237464491624
7615.004853391829,7584.8687,30.136201048078874,30.136201048078874
7078.681527294058,7048.831,29.85047260655756,29.85047260655756
6578.677736915002,6587.188,-8.510251366247758,8.510251366247758
4164.218989724537,4156.2993,7.919673318287096,7.919673318287096
7562.2141294210505,7492.5728,69.64137551480053,69.64137551480053
6001.533699913144,5975.1772,26.35645381939412,26.35645381939412
6518.061348842131,6457.939,60.12238399838134,60.12238399838134
4404.558455237171,4415.7773,-11.218888512828926,11.218888512828926
7797.020760710152,7448.767,348.253670866402,348.253670866402
6563.281840070116,6477.5366,85.74521897636623,85.74521897636623
7436.4853228306265,7467.817,-31.3315717006235,31.3315717006235
7056.914387405164,7002.362,54.552570998914234,54.552570998914234
6554.644188281009,6589.4604,-34.81626093774139,34.81626093774139
4818.313823169776,4943.9307,-125.61684089272421,125.61684089272421
7277.330357365627,7185.578,91.7522323656267,91.7522323656267
7448.515398475794,7495.4272,-46.91184761795557,46.91184761795557
6697.159786930379,6697.165,-0.00525213212131348,0.00525213212131348
6305.393107566589,6286.2334,19.159709129088696,19.159709129088696
6536.70372992126,6642.6284,-105.92468804749024,105.92468804749024
3035.125181386586,2976.1316,58.993589589711064,58.993589589711064
2890.862709205337,2812.6743,78.18839279908707,78.18839279908707
4746.142775050309,4955.9995,-209.85673666844104,209.85673666844104
7008.450550378064,6986.4434,22.00719100306378,22.00719100306378
6596.2783963781985,6662.0493,-65.77092002805148,65.77092002805148
7231.135862111277,7291.897,-60.761110544973235,60.761110544973235
6747.195788878887,6797.52,-50.32423065236344,50.32423065236344
5464.931430465679,5461.2354,3.6960789031791137,3.6960789031791137
7834.982364379827,7709.456,125.52630969232723,125.52630969232723
4914.589624662943,4859.5073,55.0823004441927,55.0823004441927
7885.243765204164,7763.841,121.40294489166445,121.40294489166445
4835.201030821999,4896.06,-60.859027771751244,60.859027771751244
4742.3160935211645,4900.5557,-158.23957054133552,158.23957054133552
7522.858090841076,7472.1836,50.674497091075864,50.674497091075864
6760.454621587357,7006.9717,-246.517058100143,246.517058100143
5315.367974164486,5350.578,-35.21015083551356,35.21015083551356
7717.218557424177,7809.6357,-92.41718476332335,92.41718476332335
7711.251002166513,7716.886,-5.63522830223701,5.63522830223701
6899.0236428427,6989.213,-90.1892477823003,90.1892477823003
6645.058006792771,6594.332,50.725975542771266,50.725975542771266
5660.561116996003,5718.4893,-57.928140816497034,57.928140816497034
7258.74592030184,7297.1626,-38.41667735441024,38.41667735441024
7450.541153257433,7247.246,203.2950595074326,203.2950595074326
6050.293290264379,5924.627,125.66633713937881,125.66633713937881
7065.954898185343,7084.872,-18.917172127156846,18.917172127156846
5492.164420245452,5675.231,-183.06653678579823,183.06653678579823
4920.650614048229,5132.9663,-212.31569454552118,212.31569454552118
6998.282104165888,6955.057,43.224975259638086,43.224975259638086
6456.958820989777,6294.473,162.48567645852745,162.48567645852745
5062.699101770969,5064.3506,-1.6514841665311906,1.6514841665311906
5765.349073477042,5958.339,-192.9897937104579,192.9897937104579
2595.6037196536495,2947.1907,-351.5869541744755,351.5869541744755
5898.590961763309,5636.7275,261.86342270080877,261.86342270080877
7149.148292882533,7018.049,131.0994647575326,131.0994647575326
6948.060786460489,6840.148,107.912837241739,107.912837241739
7355.753815528474,7237.035,118.71865927847375,118.71865927847375
6567.394317437824,6611.6963,-44.3019716246763,44.3019716246763
2190.7894787222335,2103.3574,87.43205684723353,87.43205684723353
4208.672195664149,4159.8057,48.8665316016486,48.8665316016486
2570.383314692588,2583.7854,-13.402085698036899,13.402085698036899
3818.626857205529,3697.1018,121.52505056490418,121.52505056490418
8096.594362914717,8127.9224,-31.32800036653316,31.32800036653316
7350.550466835532,7367.0835,-16.53302925821845,16.53302925821845
3645.991410036857,3891.439,-245.4475548068931,245.4475548068931
7606.005722663826,7484.1934,121.81236328882642,121.81236328882642
4740.536467051019,4676.7393,63.79720923851892,63.79720923851892
6030.3901372175105,6142.494,-112.10400340748947,112.10400340748947
8222.232076067341,8147.6494,74.58266200484104,74.58266200484104
7086.650766443558,7037.2236,49.427133631057586,49.427133631057586
2198.2300348605418,2237.1775,-38.947455373833236,38.947455373833236
5758.506267418828,5752.0356,6.470622887578429,6.470622887578429
4787.619758056907,4577.8687,209.7511057131569,209.7511057131569
4388.4584048522,4517.3467,-128.88827483529985,128.88827483529985
6705.219582114403,6510.1406,195.07895711440324,195.07895711440324
4697.155535894866,4990.678,-293.52268676138374,293.52268676138374
7482.23540946114,7456.24,25.99517508614008,25.99517508614008
7553.248002419508,7590.907,-37.65922414299166,37.65922414299166
7171.573465168221,7192.648,-21.074484050528554,21.074484050528554
7231.433024626222,7115.8394,115.5936691574716,115.5936691574716
7809.0310933532255,7855.9307,-46.899570709274485,46.899570709274485
7055.203624984906,7197.743,-142.53953907759387,142.53953907759387
5928.312900178588,5702.4883,225.82461892858828,225.82461892858828
6839.914518094827,6664.9434,174.97115871982714,174.97115871982714
5563.54753246003,5730.057,-166.5095964462198,166.5095964462198
6936.720122786458,6843.6455,93.07461497395798,93.07461497395798
7389.923398986012,7437.001,-47.07757757648778,47.07757757648778
3953.9192232125415,3874.7822,79.13699665004151,79.13699665004151
5562.273970294345,5640.703,-78.42915470565458,78.42915470565458
3076.2969885982943,3128.6936,-52.39661491733068,52.39661491733068
7636.396195530123,7568.0625,68.3336955301229,68.3336955301229
7391.5530756116805,7441.603,-50.04995173206953,50.04995173206953
4483.2600136236815,4532.0063,-48.746334032568484,48.746334032568484
6617.99471463649,6613.7593,4.235437292740244,4.235437292740244
6695.573322304939,6822.858,-127.28458785131079,127.28458785131079
4661.390225367886,4759.8315,-98.44131760086384,98.44131760086384
7957.681625690061,7903.63,54.05174287756108,54.05174287756108
7228.30197461545,7104.117,124.18478711544958,124.18478711544958
4656.410288352888,4962.667,-306.2567038346124,306.2567038346124
6518.881999469942,6735.3325,-216.45052006130845,216.45052006130845
6335.225903917894,6344.328,-9.102221082105643,9.102221082105643
6849.97369947313,6904.939,-54.96526537061982,54.96526537061982
7040.024478405811,7088.0054,-47.98089268793865,47.98089268793865
1331.1645047996726,1524.9258,-193.7612764503274,193.7612764503274
3039.824746753412,3134.5078,-94.683065746588,94.683065746588
7751.859992899461,7699.0977,52.76233664946085,52.76233664946085
7058.977705481494,7106.074,-47.09651326850599,47.09651326850599
4394.362766261642,4377.244,17.11862563664181,17.11862563664181
7125.115446455484,7115.937,9.178434736733834,9.178434736733834
6425.154600133708,6373.0728,52.0818462274583,52.0818462274583
7058.378856710259,7106.964,-48.58501047724076,48.58501047724076
7445.288542597616,7488.0103,-42.72171130863444,42.72171130863444
7632.587093059218,7688.7954,-56.208317097031795,56.208317097031795
6921.957738418274,6964.1816,-42.22390220672605,42.22390220672605
7311.150134283403,7199.4263,111.72386475215262,111.72386475215262
7465.677116497806,7432.7656,32.91149149780631,32.91149149780631
4911.405971231156,5008.7036,-97.2976420500936,97.2976420500936
2560.254232673192,2663.1177,-102.86344310805816,102.86344310805816
7336.624551859114,7140.107,196.51761826536404,196.51761826536404
3119.154536733776,2930.7925,188.36205626502579,188.36205626502579
7432.131114304448,7327.8496,104.28150492944769,104.28150492944769
4188.385525367192,4126.019,62.3664823984418,62.3664823984418
7406.559292982257,7198.6,207.95919532600692,207.95919532600692
6209.064874621453,6149.036,60.02874180895287,60.02874180895287
1706.6350341292136,1721.311,-14.676001027036364,14.676001027036364
4712.856785280608,4957.985,-245.12807800064184,245.12807800064184
3829.6052824107023,3552.5364,277.06890545757733,277.06890545757733
4046.354838829379,3982.687,63.66782711062888,63.66782711062888
4721.255985265451,4748.03,-26.773799890798728,26.773799890798728
7367.461625954607,7345.1455,22.31611814210737,22.31611814210737
6390.750916644202,6419.723,-28.972227887047666,28.972227887047666
2670.0295757728522,2982.2898,-312.26021914902276,312.26021914902276
1898.405056900062,1904.5406,-6.135592514000564,6.135592514000564
7431.927705970629,7467.8574,-35.92971590437082,35.92971590437082
5650.734999058463,5778.225,-127.49009859778744,127.49009859778744
5442.648555401833,5347.035,95.61339915183271,95.61339915183271
3789.356939432918,3776.87,12.486822245417898,12.486822245417898
4667.525918585315,4397.4043,270.1216217103147,270.1216217103147
6394.8042509901525,6379.8237,14.980520521402468,14.980520521402468
6924.091339289137,6859.202,64.88919085163707,64.88919085163707
6037.656185375902,6125.764,-88.10797478034783,88.10797478034783
7201.892114683929,7426.407,-224.51511187857068,224.51511187857068
6108.986094666257,6160.6523,-51.66624908374342,51.66624908374342
7363.486035949108,7488.789,-125.30302655089235,125.30302655089235
2063.6826053310383,2070.1567,-6.474132950211697,6.474132950211697
6475.164589375247,6489.3257,-14.161094218503422,14.161094218503422
6381.667341948253,6236.438,145.22935366700312,145.22935366700312
6607.082433026404,6627.0713,-19.988856036095967,19.988856036095967
3525.9263729923455,3431.7756,94.15073822672048,94.15073822672048
4586.5615508614155,4592.8896,-6.328097576084474,6.328097576084474
7889.135451033453,7875.3774,13.758009627203137,13.758009627203137
6549.428589181855,6509.742,39.686401681855386,39.686401681855386
6719.254812082333,6596.835,122.41985114483305,122.41985114483305
5712.750661059566,5679.075,33.67546574706557,33.67546574706557
7786.078527824205,7763.8384,22.240148917954684,22.240148917954684
3863.9939162200485,4195.5557,-331.5617478424515,331.5617478424515
5112.154263929101,5086.5024,25.651822522851035,25.651822522851035
7309.09353494224,7274.981,34.112577910989785,34.112577910989785
7417.9896385148195,7198.907,219.0824119523195,219.0824119523195
7727.884147046449,7760.804,-32.92005217230144,32.92005217230144
5863.936184356051,5733.216,130.72036404355094,130.72036404355094
7194.475758412209,7414.458,-219.98224940029104,219.98224940029104
6999.884260966957,7210.6187,-210.7343913767927,210.7343913767927
4648.704570273318,4656.0137,-7.309101601682414,7.309101601682414
2316.564888924666,2192.6543,123.91059204966587,123.91059204966587
4757.7985314009975,4709.9365,47.86200796349749,47.86200796349749
3830.0558031011183,4015.3147,-185.25889416450673,185.25889416450673
1993.6548600028943,2218.3794,-224.72453452835566,224.72453452835566
2276.2081600659203,2344.1997,-67.99154696532969,67.99154696532969
7301.915692574718,7144.9326,156.98307538721838,156.98307538721838
7386.757948000263,7324.617,62.14076050026324,62.14076050026324
7355.255241431438,7299.704,55.55113986893775,55.55113986893775
6881.259992548885,6880.337,0.9230784863848385,0.9230784863848385
4762.410433157146,4925.577,-163.16671528035386,163.16671528035386
7190.920549133004,7066.578,124.34242413300399,124.34242413300399
6942.064099168401,6853.4697,88.5943726059013,88.5943726059013
6977.816457082225,6828.157,149.6592305197246,149.6592305197246
7364.065583583163,7364.703,-0.6375414168369389,0.6375414168369389
5881.247193007858,5798.55,82.69738832035819,82.69738832035819
7440.129196484828,7415.285,24.844040234827844,24.844040234827844
8098.813769175156,8001.2773,97.53642542515627,97.53642542515627
7318.521726056544,7369.318,-50.79614503720586,50.79614503720586
7378.546953807702,7419.6426,-41.095624317297734,41.095624317297734
6523.961721525043,6626.6304,-102.66864956870722,102.66864956870722
7482.068300927205,7327.387,154.6810938959552,154.6810938959552
5915.9045881661805,5795.7646,120.13993972868047,120.13993972868047
7412.16736127583,7331.7715,80.39587690083044,80.39587690083044
6600.48637866748,6589.1045,11.381886479979585,11.381886479979585
5927.5225232686025,5832.3643,95.15826545610253,95.15826545610253
2019.7845083129932,1968.2365,51.54805811768074,51.54805811768074
6042.021813124561,5889.3003,152.72152015581105,152.72152015581105
5187.861081659972,5168.515,19.345944941222115,19.345944941222115
2066.56874275595,2180.117,-113.5482006034249,113.5482006034249
7313.46811463523,7307.6875,5.7806146352304495,5.7806146352304495
6183.598709171587,6134.759,48.83992010908696,48.83992010908696
6065.728427102176,6053.462,12.266513039676283,12.266513039676283
6529.890203981926,6574.718,-44.82756945557412,44.82756945557412
6580.442421185644,6620.7485,-40.30611397060602,40.30611397060602
7214.009192336632,7244.3003,-30.291100632118287,30.291100632118287
4514.017563976771,4968.2915,-454.27393992947873,454.27393992947873
4978.104457889953,4995.497,-17.392612422547245,17.392612422547245
7557.65671319161,7531.9844,25.672338191609924,25.672338191609924
8191.866966247164,8189.3145,2.552513122163873,2.552513122163873
3781.659492586865,3653.134,128.52545938373987,128.52545938373987
5668.802872152025,5629.8145,38.988419027024975,38.988419027024975
6869.189176958553,6825.2314,43.95773164605271,43.95773164605271
4257.414823179566,4218.9355,38.479276304566156,38.479276304566156
7876.989169692559,7766.1436,110.84561500505879,110.84561500505879
7335.518317965591,7287.571,47.94751718434145,47.94751718434145
7733.548415780293,7615.2246,118.323806405293,118.323806405293
6465.197012564971,6467.784,-2.5871671225286264,2.5871671225286264
6886.32752629771,6829.327,57.00037786021039,57.00037786021039
4302.1185784682775,4282.3555,19.76310971827752,19.76310971827752
6285.010903686551,6233.096,51.91471228030059,51.91471228030059
7145.86643795896,7113.448,32.41819577145998,32.41819577145998
7443.324959403748,7564.5156,-121.19066559625207,121.19066559625207
6835.038875530522,6898.5776,-63.53876118822791,63.53876118822791
6288.172955895143,5922.1484,366.0245183951429,366.0245183951429
3660.7545443811678,3655.52,5.2345248499177615,5.2345248499177615
6393.670795829407,6388.253,5.417866141907325,5.417866141907325
7263.939478701339,7201.535,62.404322451338885,62.404322451338885
6737.732375159708,6685.766,51.96626187845777,51.96626187845777
2598.98938178228,2685.4202,-86.4307842333451,86.4307842333451
6780.297738328803,6851.4478,-71.15001557744745,71.15001557744745
4863.786196506982,5076.586,-212.79974099301762,212.79974099301762
7242.136996784623,7260.4297,-18.29269071537692,18.29269071537692
5876.568789387772,5839.0044,37.564394856522085,37.564394856522085
7092.737598955221,7105.297,-12.559276044778926,12.559276044778926
7291.849212065713,7259.0205,32.82870425321289,32.82870425321289
7461.5998235196275,7448.238,13.362030550877535,13.362030550877535
7219.277714910307,7227.358,-8.080195245943287,8.080195245943287
6613.1802643917645,6581.627,31.553311266764467,31.553311266764467
7460.235258677583,7419.561,40.67422352133326,40.67422352133326
1444.5506820001888,1559.4303,-114.87961585137373,114.87961585137373
6306.105861947533,6327.919,-21.813083364966587,21.813083364966587
6701.932345992704,6922.8926,-220.96023213229637,220.96023213229637
6921.481214574723,6892.038,29.4431286372228,29.4431286372228
7529.156751004534,7492.9194,36.23731741078427,36.23731741078427
2564.923254426326,2758.7495,-193.8262572924241,193.8262572924241
7878.630848324701,7830.8345,47.79637566845122,47.79637566845122
2917.80941590091,3066.047,-148.23770323971485,148.23770323971485
5396.789263648921,5364.408,32.381060523921406,32.381060523921406
7550.4591684257975,7560.892,-10.432921417952457,10.432921417952457
6867.016531948417,6903.443,-36.42633914533326,36.42633914533326
7120.629031946737,7160.8325,-40.203487584512914,40.203487584512914
5966.979108807101,6204.278,-237.2987232241494,237.2987232241494
2021.0735691891296,2060.2769,-39.20328627962044,39.20328627962044
6626.514261904966,6386.609,239.90537518621568,239.90537518621568
5990.028208683523,6129.912,-139.8839006914768,139.8839006914768
3524.6218396788076,3616.034,-91.41209586806735,91.41209586806735
1467.6678171312267,1592.9269,-125.25906275158582,125.25906275158582
7440.99744910051,7420.269,20.728406131759584,20.728406131759584
6188.293683920215,6180.618,7.675519857714789,7.675519857714789
6817.6284520497575,6817.2773,0.3511082997574704,0.3511082997574704
7100.745390221439,7017.643,83.10232381518927,83.10232381518927
8006.5905639941075,7975.268,31.32249758785747,31.32249758785747
6573.5992043124825,6544.8,28.79939962498247,28.79939962498247
7400.589807849721,7411.5874,-10.997594494028817,10.997594494028817
6133.571069218039,6159.1016,-25.530493281960844,25.530493281960844
6403.565369390347,6365.7456,37.81976392159686,37.81976392159686
5581.288279820495,5822.497,-241.2087904920054,241.2087904920054
2222.50189437972,2129.5967,92.90521469221994,92.90521469221994
4750.947805212739,4720.8887,30.059133337738785,30.059133337738785
6324.771403913584,6177.9976,146.77384531983444,146.77384531983444
7390.035663724389,7466.94,-76.90427768186055,76.90427768186055
7473.120424140882,7498.5127,-25.392271171617722,25.392271171617722
7418.455820330898,7515.111,-96.65501951285205,96.65501951285205
3427.675368452276,3245.5967,182.07868876477596,182.07868876477596
7788.508402703264,7911.5537,-123.04530823423556,123.04530823423556
7403.117908105156,7238.48,164.63792763640595,164.63792763640595
7301.241361333708,7180.472,120.76919336495757,120.76919336495757
7679.182460106751,7725.009,-45.82632895574898,45.82632895574898
7268.456083331847,7181.312,87.14407161309737,87.14407161309737
7096.4787258829865,6956.755,139.7238430704865,139.7238430704865
6230.391293667209,6519.465,-289.07355008279137,289.07355008279137
7296.402990672096,7197.0757,99.32730707834617,99.32730707834617
6697.710023395585,6777.012,-79.30218363566473,79.30218363566473
2931.1847456971072,3330.7996,-399.61481484976775,399.61481484976775
7906.419376948659,7944.6733,-38.25396289509081,38.25396289509081
5282.109384796432,5086.643,195.4663183901821,195.4663183901821
5876.492783845474,5639.902,236.59092837672415,236.59092837672415
6675.269951902655,6686.516,-11.246161378595389,11.246161378595389
7522.645840432041,7508.2827,14.363125588291041,14.363125588291041
5421.929865417874,5548.087,-126.15704864462623,126.15704864462623
6614.440045149019,6647.1084,-32.66835328848083,32.66835328848083
5685.425254635707,5888.6567,-203.23148364554345,203.23148364554345
6778.47945226128,6768.425,10.05464757378013,10.05464757378013
7024.464566081395,7078.1377,-53.67312923110512,53.67312923110512
3706.0890797494853,3690.7969,15.292204749485336,15.292204749485336
7963.309845412218,7939.4897,23.820099318468237,23.820099318468237
6871.458306158455,6930.026,-58.56757274779466,58.56757274779466
1820.7371972957005,1811.5083,9.228896514450526,9.228896514450526
4630.919270987126,4550.004,80.91536473712586,80.91536473712586
6785.209205389648,6740.5513,44.65793585839765,44.65793585839765
7472.655052012405,7575.3315,-102.67649095634533,102.67649095634533
5883.615524463865,5777.009,106.60673540136486,106.60673540136486
8084.835921934702,8018.16,66.67576568470213,66.67576568470213
6779.093912000539,6820.1055,-41.011556749461306,41.011556749461306
5043.71579444264,5306.2983,-262.5825454011101,262.5825454011101
6581.552772782482,6518.683,62.86966731373195,62.86966731373195
7109.318130860304,7163.5796,-54.261458983445664,54.261458983445664
6664.494705739235,6674.77,-10.275313792015368,10.275313792015368
6107.784336743488,6066.1143,41.670078930987984,41.670078930987984
7021.540595465924,7054.23,-32.689385002826384,32.689385002826384
5848.720898003828,5639.4497,209.27119097257764,209.27119097257764
5835.965748306193,5749.8745,86.09123658744284,86.09123658744284
6981.118215034645,6863.658,117.46001190964489,117.46001190964489
7680.512483054737,7627.613,52.89969008598655,52.89969008598655
1879.7376853744165,1842.7261,37.011611155666515,37.011611155666515
7141.677436753351,7415.316,-273.6384812153992,273.6384812153992
7449.525745294302,7584.2407,-134.7149773619476,134.7149773619476
7880.793872621985,7868.557,12.236743715735429,12.236743715735429
5681.11679943013,5933.728,-252.6112279136196,252.6112279136196
7170.18899968579,7198.8633,-28.674281564210105,28.674281564210105
2890.1748951132713,2880.0806,10.094328707021305,10.094328707021305
7087.016425185703,7000.045,86.97150331070316,86.97150331070316
6459.700951056202,6596.3223,-136.62131456879797,136.62131456879797
5938.218233747323,5888.2715,49.94674937232321,49.94674937232321
7300.923244867956,7353.4565,-52.53329810079413,52.53329810079413
5533.436793523355,5874.6216,-341.18478850789506,341.18478850789506
6004.410916443691,6067.4595,-63.04855621255865,63.04855621255865
7100.584773519067,7200.272,-99.68719913718269,99.68719913718269
6903.92707751593,6744.1357,159.79133532843025,159.79133532843025
7592.09635731982,7388.8286,203.26774403856962,203.26774403856962
5740.434553683193,5822.3228,-81.88820022305663,81.88820022305663
6493.776978574711,6533.9507,-40.17370501903861,40.17370501903861
5733.5238532894455,5634.3184,99.20549391444547,99.20549391444547
6888.163193181374,7064.9814,-176.81825213112643,176.81825213112643
7531.827879350266,7517.7676,14.060301225265903,14.060301225265903
6789.77610141286,7098.111,-308.33473843088996,308.33473843088996
5392.755271043953,5504.792,-112.03672114354686,112.03672114354686
3189.4787973044745,3228.8428,-39.36397613302552,39.36397613302552
7456.201705549071,7415.22,40.98149070532145,40.98149070532145
2959.862865429452,2878.4697,81.39313886695209,81.39313886695209
5378.262479208476,5421.178,-42.91574344777382,42.91574344777382
6071.94722436205,6277.461,-205.5137131379497,205.5137131379497
4964.236596797989,4961.4624,2.774194454238568,2.774194454238568
6457.647793484458,6504.196,-46.54800729679209,46.54800729679209
7002.325578953086,6962.538,39.787493015585824,39.787493015585824
3528.137608334546,3604.6924,-76.5547744779542,76.5547744779542
7760.704215342102,7787.3765,-26.672249501648366,26.672249501648366
6910.997613585958,6743.592,167.40581671095788,167.40581671095788
6251.98928527818,5874.1016,377.88772277818043,377.88772277818043
2258.9495350969014,2078.9116,180.0379140031514,180.0379140031514
2256.6268232077946,2211.0906,45.53624703591959,45.53624703591959
6673.040843721757,6701.1885,-28.147632840743427,28.147632840743427
3060.091153364213,3057.6853,2.4058506298379143,2.4058506298379143
6790.02120507544,6837.54,-47.518833987060134,47.518833987060134
2551.7767270600343,2494.8152,56.96154151315932,56.96154151315932
6129.590778725227,6181.002,-51.41117439977279,51.41117439977279
6301.815587691865,6277.6304,24.185216598115403,24.185216598115403
7504.297163379225,7477.823,26.473921191724912,26.473921191724912
7037.8506749930575,7019.5117,18.33895624305751,18.33895624305751
7067.363585030494,7103.8115,-36.447938407006404,36.447938407006404
7436.357117516883,7487.7217,-51.36456217061732,51.36456217061732
5620.886770873559,5599.3315,21.555227904808817,21.555227904808817
7277.608770477421,7216.881,60.727911102420876,60.727911102420876
7118.400045577249,7124.0757,-5.67563801650067,5.67563801650067
7199.635706416663,7346.646,-147.0102896770868,147.0102896770868
6665.716894540288,6601.646,64.0708984465382,64.0708984465382
7050.999103572715,7222.2334,-171.23429486478472,171.23429486478472
4131.599652300161,4178.5703,-46.970660199838676,46.970660199838676
6797.497232218358,6744.68,52.81705643710757,52.81705643710757
7708.843877359429,7817.2993,-108.45543904682108,108.45543904682108
7719.513816365537,7642.831,76.68276167803742,76.68276167803742
7342.310823077266,7427.304,-84.99337614148408,84.99337614148408
6366.700526985799,6592.7603,-226.05972692045088,226.05972692045088
4287.715370564513,4517.9795,-230.26412162298675,230.26412162298675
7308.388402133964,7310.0586,-1.6701916160363908,1.6701916160363908
5223.566568454378,5447.966,-224.39925185812172,224.39925185812172
6135.9279504016,6217.8496,-81.92165897339964,81.92165897339964
7177.677456369343,7079.063,98.61446808809342,98.61446808809342
2839.7931876091047,2828.5615,11.231664171604734,11.231664171604734
5821.5081575794575,5911.6724,-90.16420570179253,90.16420570179253
7364.6058888358475,7464.5864,-99.98053694540249,99.98053694540249
5874.033798428122,5981.2354,-107.20155313437772,107.20155313437772
7773.668374309908,7820.138,-46.46980928384164,46.46980928384164
5349.235591916033,5352.7427,-3.5070838652172824,3.5070838652172824
6338.874368190295,6337.019,1.855325221545172,1.855325221545172
5345.437130029974,5355.407,-9.97009653252644,9.97009653252644
6825.174253245443,6428.7183,396.45599152669274,396.45599152669274
6771.555952115752,6540.797,230.759077115752,230.759077115752
6840.251434121367,6928.295,-88.04348775363269,88.04348775363269
7064.111100987243,7045.788,18.323015049742935,18.323015049742935
7312.736309905302,7350.66,-37.92384634469818,37.92384634469818
6849.48387430141,6777.859,71.62498758265974,71.62498758265974
7595.582435041728,7591.6113,3.9711069167278765,3.9711069167278765
6557.6758330166585,6393.417,164.25884082915854,164.25884082915854
7723.993760538856,7689.214,34.779893351355895,34.779893351355895
7201.869873353721,7236.4746,-34.60473602127877,34.60473602127877
5669.485973814484,5740.537,-71.05113556051583,71.05113556051583
7382.24673173326,7397.4053,-15.158541704239724,15.158541704239724
4988.559158524819,4936.426,52.133377274819395,52.133377274819395
3982.499788725491,3854.9287,127.57107778799082,127.57107778799082
7002.685794397171,7056.0605,-53.374752477829134,53.374752477829134
4457.750996830898,4364.637,93.11378979964775,93.11378979964775
7278.806637600477,7238.9243,39.88232119422719,39.88232119422719
4174.45765901977,4213.046,-38.58823941772971,38.58823941772971
6149.031566713498,6336.5186,-187.48698797400175,187.48698797400175
6702.6472189367805,6879.967,-177.31957793821948,177.31957793821948
7410.415077884316,7416.5405,-6.125449459434094,6.125449459434094
2112.5509398320846,2215.2915,-102.74056407416538,102.74056407416538
7417.538418005917,7327.5684,89.97005863091726,89.97005863091726
4651.363646454935,4929.219,-277.8555918263146,277.8555918263146
4314.487550172497,4352.7,-38.21264514000268,38.21264514000268
6791.329196877609,6892.4443,-101.11513905989068,101.11513905989068
6533.0971592197175,6658.414,-125.31690328028253,125.31690328028253
6430.961206693199,6519.2896,-88.32834408805138,88.32834408805138
7463.976777312624,7423.7983,40.17843746887411,40.17843746887411
7168.023916536847,7184.18,-16.156259244403373,16.156259244403373
7275.256420200583,7128.185,147.0713616068333,147.0713616068333
6052.440892281901,6192.586,-140.14504521809886,140.14504521809886
5728.663621062607,5917.294,-188.63032424989342,188.63032424989342
6408.466203031727,6422.5854,-14.119246187023236,14.119246187023236
6463.420507810738,6541.4375,-78.01699218926206,78.01699218926206
6737.43352161579,6631.474,105.95940052203969,105.95940052203969
7675.0323907828415,7611.1274,63.9049493765915,63.9049493765915
3944.2404588645472,3992.8853,-48.644795041702764,48.644795041702764
6965.406313121764,7073.82,-108.41351109698644,108.41351109698644
2184.249966353216,2148.4824,35.76754447821622,35.76754447821622
6857.463656108935,6756.0005,101.46316782768463,101.46316782768463
7366.772992621104,7297.7637,69.0093207461041,69.0093207461041
6412.551697978111,6298.607,113.9447643843614,113.9447643843614
7146.099857280111,7126.994,19.105716655110882,19.105716655110882
7366.560782815871,7430.7705,-64.20972499662912,64.20972499662912
6771.583342963564,6750.839,20.744475776064064,20.744475776064064
6087.198552560584,6136.382,-49.183283376915824,49.183283376915824
6346.45073927272,6188.823,157.62749708522006,157.62749708522006
7698.567145581571,7716.359,-17.791741137179088,17.791741137179088
5009.342351232533,4986.614,22.728581701282565,22.728581701282565
7028.9494495879235,7030.6484,-1.6989879120765181,1.6989879120765181
7395.895783707775,7479.3643,-83.46847410472492,83.46847410472492
7298.87386822681,7371.153,-72.27896380443963,72.27896380443963
4751.590255303018,4866.2686,-114.67829938448176,114.67829938448176
6844.203022502376,6918.135,-73.93174312262363,73.93174312262363
7127.313060416008,7177.2217,-49.90861927149217,49.90861927149217
7164.652174347268,7076.94,87.71223294101765,87.71223294101765
6834.261659029627,6815.085,19.17669809212657,19.17669809212657
6382.235950440088,6458.053,-75.81727221616165,75.81727221616165
